<?xml version="1.0" ?>
<openerp>
    <data noupdate="1">
        <record id="tax_category_iva_ret" model="account.tax.category">
            <field name="name">IVA-RET</field>
            <field name="code">IVA</field>
            <field name="active">1</field>
            <field name="sign">-1</field>
        </record>
    </data>
   
    <data>
         <record id="tax_category_iva" model="account.tax.category">
            <field name="name">IVA</field>
            <field name="code">IVA</field>
            <field name="active">1</field>
            <field name="sign">1</field>
        </record>
     </data>

    <data>
         <record id="tax_category_iva_exent" model="account.tax.category">
            <field name="name">IVA-EXENTO</field>
            <field name="code">IVA-EXENTO</field>
            <field name="active">1</field>
            <field name="sign">1</field>
        </record>
     </data>
     
     <data>
         <record id="tax_category_isr" model="account.tax.category">
            <field name="name">ISR</field>
            <field name="code">ISR</field>
            <field name="active">1</field>
            <field name="sign">1</field>
        </record>
     </data>
     
     <data>
         <record id="tax_category_isr_ret" model="account.tax.category">
            <field name="name">ISR-RET</field>
            <field name="code">ISR</field>
            <field name="active">1</field>
            <field name="sign">-1</field>
        </record>
     </data>
 
     <data>
         <record id="tax_category_ieps" model="account.tax.category">
            <field name="name">IEPS</field>
            <field name="code">IEPS</field>
            <field name="active">1</field>
            <field name="sign">1</field>
        </record>
     </data>
     
    <data>
        <record id="tax_category_ietu" model="account.tax.category">
            <field name="name">IETU</field>
            <field name="code">IETU</field>
            <field name="active">1</field>
            <field name="sign">1</field>
        </record>
    </data>
    
    <data>
        <record id="tax_category_iva_part" model="account.tax.category">
            <field name="name">IVA-PART</field>
            <field name="code">IVA</field>
            <field name="active">1</field>
            <field name="sign">1</field>
            <field name="value_tax">0.16</field>
        </record>
    </data>
    
</openerp>
