<?xml version="1.0" encoding="utf-8"?>
<openerp>
    <data>
		<!-- 
            Incluye campo nombre comercial
        -->        
               
        <record model="ir.ui.view" id="view_partner_extra_form_inherit">
			<field name="name">res.partner.extra.form.inherit</field>
			<field name="model">res.partner</field>
			<field name="inherit_id" ref="base.view_partner_form"/>
			<field name="arch" type="xml">
				<field name="name" position="after">							
					<field name="comercial_name" placeholder="Nombre comercial"/>				
			    </field>		
			</field>		
		</record>  
		 
	</data>
</openerp>
