<?xml version="1.0" encoding="UTF-8"?>
<openerp>
	<data>
			
		<record model='ir.ui.view' id='view_sale_order_workshop_form'>
			<field name='name'>sale.order.extra.form.inherit</field>
			<field name='model'>sale.order</field>
			<field name='inherit_id' ref='sale.view_order_form'/>
			<field name='arch' type='xml'>
                <field name="partner_id" position="after">
                	<field name="contact_name" />
                </field>
                <field name="amount_untaxed" position="after">
                    <field name="discount" widget='monetary' options="{'currency_field': 'currency_id'}"/>
                </field>
			</field>
		</record>
	</data>
</openerp>

