<?xml version="1.0" encoding="UTF-8"?>

<openerp>
	<data>
    
		<record model='ir.ui.view' id='view_account_journal_control_form'>
			<field name='name'>view.account.journal.control.form</field>
			<field name='model'>account.journal</field>
			<field name='inherit_id' ref='account.view_account_journal_form'/>
			<field name='type'>form</field>
			<field name='arch' type='xml'>
				<field name="sequence_id" position="after">
                                <field name="resolution_number" class="oe_inline"  style="width: 6em"/> -
                                <field name="number_from" class="oe_inline" />
                                <field name= "number_to" class="oe_inline" />
                                <field name="expedition_date" class="oe_inline" />
				</field>
			</field>
		</record>
		

	</data>
</openerp>
