<?xml version="1.0" encoding="UTF-8"?>

<openerp>
	<data>
		
		<record model='ir.ui.view' id='invoice_form'>
			<field name='name'>account.invoice.form.inherit.l10n.co.account</field>
			<field name='model'>account.invoice</field>
			<field name='inherit_id' ref='account.invoice_form'/>
			<field name='arch' type='xml'>
                <field name="move_id" position="after">
                    <field name="is_print_original"/>
                </field>
			</field>
		</record>
		
	</data>
</openerp>